tipo,titulo,explicacao,cautela,ordem
cota_fornecedor_sancionado,Cota paga a fornecedor sancionado,"O parlamentar foi reembolsado pela cota por uma despesa com fornecedor que, na data da nota, estava no cadastro de punidos da CGU (CEIS ou CNEP).","A cota reembolsa gastos do parlamentar (não é contratação pública), e a sanção pode valer só para o órgão que a aplicou.",1
cota_documento_invalido,Cota com CPF ou CNPJ inválido,A despesa de cota traz um CPF ou CNPJ de fornecedor com tamanho ou dígito verificador errado.,Pode ser só um erro de digitação na prestação de contas.,2
emenda_favorecido_sancionado,Emenda paga a favorecido sancionado,"Um pagamento de emenda parlamentar foi feito a empresa que, na data do pagamento, estava no CEIS ou no CNEP.","A sanção pode valer só para o órgão que a aplicou; o parlamentar indica a emenda, mas quem paga é o órgão executor.",3
contrato_fornecedor_sancionado,Contrato com fornecedor sancionado,"Um contrato federal foi assinado com empresa que, na data da assinatura, estava no CEIS ou no CNEP.",A sanção pode valer só para o órgão que a aplicou.,4
licitacao_vencedor_sancionado,Licitação vencida por sancionado,O vencedor de uma licitação federal estava no CEIS ou no CNEP na data da licitação.,A sanção pode valer só para o órgão que a aplicou.,5
pagamento_empresa_irregular,Pagamento a empresa irregular na Receita,"Despesa de cota, pagamento de emenda ou contrato com empresa que já estava baixada, inapta, suspensa ou nula na Receita na data do fato.",A Receita informa só a situação atual e desde quando ela vale; reativações anteriores não aparecem.,6
empresa_recem_aberta,Empresa recém-aberta,"Contrato ou pagamento de emenda de pelo menos R$ 50 mil, ou despesa de cota de pelo menos R$ 10 mil, com empresa aberta até 180 dias antes.",Empresa nova não é irregular: o alerta só aponta onde vale olhar com mais atenção.,7
licitacao_socios_em_comum,Concorrentes com sócios em comum,Duas empresas que disputaram a mesma licitação tinham pelo menos um sócio em comum desde antes da licitação.,"Os sócios são os da base mais recente da Receita: quem saiu antes não aparece, e ter sócio em comum não prova combinação.",8
parlamentar_socio_fornecedor,Parlamentar sócio de empresa,"O parlamentar aparece como sócio de uma empresa que está nos dados públicos (fornecedor, favorecido ou contratada).","Deputados são identificados pelo nome e por parte do CPF; senadores, só pelo nome, e podem ser homônimos.",9
